x,y,z,xn,yn,zn,heading,dist,uv,cum_dist,inner_x,inner_y,outer_x,outer_y
0.0,0.0,0.0,5.707086708836471,1.7015660469964757,-3.922195901395753e-09,0.2897583852295117,5.955347656893686,[0.95831294 0.28572069],0.0,-2.857206908864157,9.583129378232286,2.857206908864157,-9.583129378232286
5.707086708836471,1.7015660469964757,-3.922195901395753e-09,11.565975562475046,2.6356690351611007,-3.379810209480638e-08,0.15810282588378918,5.932885216468327,[0.98752776 0.15744498],5.932885216468327,4.132636919092079,11.57684365623733,7.281536498580863,-8.173711562244378
11.565975562475046,2.6356690351611007,-3.379810209480638e-08,17.406966456729265,2.5242489880334205,-9.678956303105224e-08,-0.01907322537008135,5.842053496302703,[ 0.99981811 -0.01907207],11.774938712771029,11.756696252037727,12.6338501506727,11.375254872912365,-7.362512080350498
17.406966456729265,2.5242489880334205,-9.678956303105224e-08,23.256868310069194,1.7788424743894211,-0.2228262072775351,-0.12673907160663014,5.897201248413763,[ 0.99197935 -0.12640005],17.67213996118479,18.67096692448422,12.444042474669885,16.14296598897431,-7.395544498603044
23.256868310069194,1.7788424743894211,-0.2228262072775351,152.70494027430507,-29.078529775957435,-1.4449312805227805,-0.23400929232619896,133.07509442962822,[ 0.97274454 -0.23187939],150.74723439081302,25.575662249882214,11.506287908041898,20.938074370256174,-7.948602959263056
152.70494027430507,-29.078529775957435,-1.4449312805227805,182.69587094100584,-36.23084300330902,-1.8891340599374473,-0.23410966977781492,30.831988368527266,[ 0.97272126 -0.23197703],181.5792227593403,155.02471061861817,-19.35131714593615,150.38516992999197,-38.80574240597872
182.69587094100584,-36.23084300330902,-1.8891340599374473,209.2751292657386,-42.582186740999674,-2.777537218233988,-0.2345601150743185,27.32757838461318,[ 0.97261667 -0.23241517],208.9068011439535,185.02002262700623,-26.504676289723363,180.37171925500544,-45.957009716894675
209.2751292657386,-42.582186740999674,-2.777537218233988,221.1982868426978,-46.57532906413945,-5.112330281769857,-0.323165686545823,12.574055519912818,[ 0.94823484 -0.31756996],221.48085666386632,212.45082887738423,-33.09983829894199,206.09942965409294,-52.06453518305736
221.1982868426978,-46.57532906413945,-5.112330281769857,232.13900376688122,-52.53715347280111,-5.1123308568499795,-0.49893528479502924,12.459640327667076,[ 0.87809252 -0.47849089],233.9404969915334,225.9831957581046,-37.79440390381265,216.41337792729098,-55.356254224466255
232.13900376688122,-52.53715347280111,-5.1123308568499795,240.07883321374993,-58.988339702473816,-5.112331479813292,-0.682322229840099,10.230283251957493,[ 0.77611042 -0.63059703],244.1707802434909,238.44497406192494,-44.776049257676405,225.83303347183752,-60.29825768792581
240.07883321374993,-58.988339702473816,-5.112331479813292,245.63403085950625,-65.21705135436028,-4.77863338226615,-0.8424914441630048,8.346081099879315,[ 0.66560552 -0.74630375],252.5168613433702,247.5418707487872,-52.33228450809445,232.61579567871263,-65.64439489685319
245.63403085950625,-65.21705135436028,-4.77863338226615,249.65306333257558,-70.80063789302153,-4.7786337523112365,-0.9469089108873745,6.879611955212675,[ 0.58419465 -0.81161359],259.39647329858286,253.75016673317361,-59.3751048910512,237.51789498583886,-71.05899781766936
249.65306333257558,-70.80063789302153,-4.7786337523112365,253.77925892525016,-79.65427759020709,-8.333704204153292,-1.1346796810645174,9.767928437319087,[ 0.42242279 -0.90639891],269.16440173590195,258.7170524414224,-66.57640998313009,240.58907422372874,-75.02486580291298
253.77925892525016,-79.65427759020709,-8.333704204153292,256.22638979133023,-87.06196460660036,-8.33370453801885,-1.2517329934302834,7.801427844219482,[ 0.31367731 -0.94952965],276.9658295801214,263.27455538163156,-76.5175045341142,244.28396246886874,-82.7910506463
256.22638979133023,-87.06196460660036,-8.33370453801885,257.45886347577,-95.8266064849479,-8.333704968292835,-1.4310935030711862,8.850872196485506,[ 0.13924884 -0.99025742],285.8167017766069,266.128964005234,-85.66947620875732,246.32381557742642,-88.4544530044434
257.45886347577,-95.8266064849479,-8.333704968292835,266.9702430546295,-213.19268415865974,-8.443840197999265,-1.48993276422176,117.75084938124611,[ 0.08077546 -0.99673232],403.567551157853,267.4261867087185,-95.01885183784007,247.49154024282143,-96.63436113205573
266.9702430546295,-213.19268415865974,-8.443840197999265,267.55966501920466,-227.029243368498,-8.443840217609932,-1.5282231835083795,13.849107878115568,[ 0.04256028 -0.9990939 ],417.41665903596856,276.961182060674,-212.76708131856162,256.97930404858505,-213.61828699875787
267.55966501920466,-227.029243368498,-8.443840217609932,267.58641372584407,-239.39761276124457,-8.221369482750788,-1.5686336597457786,12.368398317031101,[ 0.00216267 -0.99999766],429.7850573529997,277.5596416335699,-227.00761671486526,257.55968840483933,-227.0508700221307
267.58641372584407,-239.39761276124457,-8.221369482750788,266.094779714728,-261.2202155490065,-5.666312475185833,-1.6390428828294359,21.87352199476693,[-0.06819359 -0.99767211],451.6585793477666,277.5631348012076,-240.07954867054755,257.6096926504805,-238.7156768519416
266.094779714728,-261.2202155490065,-5.666312475185833,263.8886380005102,-278.57151619657185,-5.666312617236542,-1.6972633615942836,17.490988977911282,[-0.12613019 -0.9920137 ],469.1495683256779,276.01491668895954,-262.4815174210755,256.1746427404965,-259.9589136769374
263.8886380005102,-278.57151619657185,-5.666312617236542,260.2623725191834,-297.5022240161219,-6.44421548058682,-1.7600583459979553,19.274892992964578,[-0.18813414 -0.98214334],488.42446131864244,273.7100714198603,-280.4528576300368,254.06720458116,-276.6901747631069
260.2623725191834,-297.5022240161219,-6.44421548058682,253.6440000541836,-322.6615901281822,-6.220615889797074,-1.8280266121562494,26.01531389866657,[-0.25440294 -0.96709831],514.439775217309,269.93335562169744,-300.04625346384614,250.59138941666936,-294.95819456839763
253.6440000541836,-322.6615901281822,-6.220615889797074,226.87543066389492,-417.12593907195435,-1.1101263711033482,-1.8469293145085741,98.18385574305715,[-0.27263718 -0.96211692],612.6236309603662,263.2651692605531,-325.38796191178176,244.02283084781416,-319.9352183445825
226.87543066389492,-417.12593907195435,-1.1101263711033482,219.58698938032907,-442.85252761076543,-1.1101259522929752,-1.8468660429350379,26.73908626317049,[-0.2725763  -0.96213417],639.3627172235367,236.49677235283886,-419.8517021035822,217.25408897495095,-414.40017604032647
219.58698938032907,-442.85252761076543,-1.1101259522929752,212.28064062656918,-468.6236003188227,-2.5546956893831805,-1.8470565869621907,26.786767640675546,[-0.27275963 -0.96208221],666.1494848642122,229.20781151674993,-445.58012388209204,209.96616724390822,-440.12493133943883
212.28064062656918,-468.6236003188227,-2.5546956893831805,206.25153248716686,-489.6675611751101,-0.9981195458157401,-1.8498228364758205,21.890601487340735,[-0.27541994 -0.96132401],688.040086351553,221.89388075085589,-471.37779971480046,202.66740050228248,-465.86940092284493
206.25153248716686,-489.6675611751101,-0.9981195458157401,204.563378722677,-495.39569937522316,-0.9981191764189532,-1.8573951458760547,5.971719214108756,[-0.28269142 -0.95921091],694.0118055656617,215.84364155113587,-492.4944753416393,196.65942342319784,-486.8406470085809
204.563378722677,-495.39569937522316,-0.9981191764189532,203.58975714296201,-501.3240526468928,-0.9981187763649757,-1.733574594714753,6.007770925576564,[-0.16206037 -0.98678085],700.0195764912382,214.43118717461243,-497.0163030762898,194.69557027074148,-493.77509567415655
203.58975714296201,-501.3240526468928,-0.9981187763649757,203.15203772305438,-507.1967986489844,2.112739348016845,-1.6451927937048851,5.88903590544723,[-0.07432786 -0.99723386],705.9086123966855,213.56209573349327,-502.06733121903187,193.61741855243073,-500.5807740747538
203.15203772305438,-507.1967986489844,2.112739348016845,203.3663343130001,-512.9805708585661,2.1127396853128175,-1.5337619138621963,5.787740837390103,[ 0.03702595 -0.9993143 ],711.6963532340756,213.14518076812186,-506.8265391712943,193.1588946779869,-507.56705812667445
203.3663343130001,-512.9805708585661,2.1127396853128175,204.35769202594156,-518.7087385103687,2.112740041833092,-1.3994266786227265,5.8133204592698675,[ 0.17053209 -0.98535212],717.5096736933455,213.21985553539972,-511.27524991524774,193.5128130906005,-514.6858918018846
204.35769202594156,-518.7087385103687,2.112740041833092,205.81350490779388,-524.092109450715,2.1127403920827135,-1.3066858510120196,5.57674401674785,[ 0.26105069 -0.96532509],723.0864177100933,214.01094296265165,-516.0982315954373,194.70444108923144,-521.3192454253003
205.81350490779388,-524.092109450715,2.1127403920827135,207.86774616585234,-529.464363897579,2.1127407590117286,-1.205571496595177,5.751610642955519,[ 0.3571593  -0.93404348],728.8380283530488,215.15393975354237,-520.5205164038623,196.4730700620454,-527.6637024975679
207.86774616585234,-529.464363897579,2.1127407590117286,210.52934946486863,-534.7476430733107,2.1127411384088646,-1.1041303617969955,5.91584068159835,[ 0.44991125 -0.89307327],734.7538690346471,216.79847885472557,-524.9652513584342,198.9370134769791,-533.963476436724
210.52934946486863,-534.7476430733107,2.1127411384088646,213.69113674200148,-539.7528605642692,4.445691083338119,-1.007394765208594,5.9202281136486725,[ 0.53406511 -0.84544335],740.6740971482958,218.98378296789417,-529.4069919760268,202.0749159618431,-540.0882941705945
213.69113674200148,-539.7528605642692,4.445691083338119,217.57640430376603,-544.2798105271113,5.223212151009534,-0.8615305458061455,5.965616480513592,[ 0.65127679 -0.75884026],746.6397136288094,221.2795393448659,-533.2400926475659,206.10273413913706,-546.2656284809725
217.57640430376603,-544.2798105271113,5.223212151009534,222.05117628192372,-548.3284907766325,5.223212316109766,-0.7354492334507536,6.034517049389196,[ 0.74152943 -0.67092034],752.6742306781987,224.28560773526698,-536.8645162433531,210.86720087226513,-551.6951048108695
222.05117628192372,-548.3284907766325,5.223212316109766,226.82070821013184,-551.4762378093436,5.223212466858456,-0.5833519701952264,5.714608140208572,[ 0.83462099 -0.55082465],758.3888388184073,227.55942278891206,-539.9822808332959,216.54292977493537,-556.6747007199691
226.82070821013184,-551.4762378093436,5.223212466858456,231.60811014239886,-554.2458127692776,5.22321260974519,-0.5244704951245243,5.530801272850756,[ 0.86558922 -0.50075474],763.9196400912581,231.82825562198536,-542.8203456590197,221.8131607982783,-560.1321299596675
231.60811014239886,-554.2458127692776,5.22321260974519,236.62774368269706,-556.6594624598729,5.223212748942387,-0.4482039285067813,5.569777886756095,[ 0.90122688 -0.43334757],769.4894179780142,235.9415858027739,-545.2335439816228,227.27463448202383,-563.2580815569324
236.62774368269706,-556.6594624598729,5.223212748942387,241.96892757052552,-558.4947343842621,5.223212881143326,-0.33096881120036764,5.6476958452142005,[ 0.94572796 -0.32495941],775.1371138232284,239.87733780867035,-547.2021828290044,233.37814955672374,-566.1167420907414
241.96892757052552,-558.4947343842621,5.223212881143326,247.47981737275344,-560.3300040098761,5.779024669597533,-0.3214739351609505,5.808452548743156,[ 0.94877074 -0.31596533],780.9455663719716,245.12858086925328,-549.0070270198964,238.8092742717978,-567.9824417486277
247.47981737275344,-560.3300040098761,5.779024669597533,253.23187040500068,-561.5980170474378,5.779024681617585,-0.2169750046213221,5.890158839047645,[ 0.97655313 -0.21527654],786.8357252110193,249.63258281119235,-550.5644727408123,245.3270519343145,-570.0955352789399
253.23187040500068,-561.5980170474378,5.779024681617585,258.8678142902972,-562.3988750476371,5.779024677340402,-0.14115330193623407,5.692559794564717,[ 0.9900544  -0.14068504],792.528285005584,254.63872080113345,-551.6974730238551,251.82502000886788,-571.4985610710205
258.8678142902972,-562.3988750476371,5.779024677340402,264.3251242630983,-563.0773796477408,5.779024669576671,-0.12369475190453312,5.499327289005093,[ 0.99235955 -0.12337956],798.0276122945892,260.1016099246475,-552.4752795131214,257.63401865594693,-572.3224705821526
264.3251242630983,-563.0773796477408,5.779024669576671,269.55914218538226,-563.3443425436496,5.446462407498416,-0.05096118416162071,5.240821767488532,[ 0.99870176 -0.05093913],803.2684340620777,264.83451555277145,-553.090362049178,263.8157329734251,-573.0643972463038
269.55914218538226,-563.3443425436496,5.446462407498416,276.49019801014305,-563.3666089552155,5.446462367942473,-0.0032125458990440946,6.931091590726155,[ 0.99999484 -0.00321254],810.1995256528039,269.5912675891145,-553.3443941458611,269.52701678165,-573.3442909414383
276.49019801014305,-563.3666089552155,5.446462367942473,288.69100133518134,-562.2988596917651,5.446462209436987,0.08729227038733195,12.247436069066213,[0.99619245 0.08718145],822.4469617218701,275.61838348714485,-553.4046844705845,277.3620125331413,-573.3285334398463
288.69100133518134,-562.2988596917651,5.446462209436987,323.64101248649933,-557.89426824612,5.335607965535161,0.12536455648697148,35.2264631389571,[0.99215215 0.12503644],857.6734248608273,287.440636963297,-552.3773381886123,289.9413657070657,-572.2203811949178
323.64101248649933,-557.89426824612,5.335607965535161,424.6233033589663,-539.3297106571918,13.55770075739207,0.18180966474034266,102.67456290787975,[0.9835181  0.18080971],960.347987768707,321.8329154210573,-548.0590872614132,325.4491095519414,-567.729449230827
424.6233033589663,-539.3297106571918,13.55770075739207,504.32993751066095,-527.371344799732,20.777871149218157,0.1489190362400312,80.59869751908495,[0.98893204 0.14836922],1040.9466852877918,423.1396111622496,-529.440390282899,426.10699555568306,-549.2190310314845
504.32993751066095,-527.371344799732,20.777871149218157,516.798592819106,-525.4913127154937,22.33329832429274,0.14965334228776098,12.609594991060577,[0.98882282 0.14909536],1053.5562802788522,502.83898392684546,-517.4831165756816,505.82089109447645,-537.2595730237825
516.798592819106,-525.4913127154937,22.33329832429274,536.2696776579911,-522.0650259005399,22.333298897466847,0.17418469581681445,19.770244969180023,[0.98486816 0.17330523],1073.3265252480323,515.0655405376117,-515.642631088514,518.5316451006001,-535.3399943424733
536.2696776579911,-522.0650259005399,22.333298897466847,564.5741757042949,-517.059012430208,23.111587751082737,0.17505256365334074,28.743778118374813,[0.98471739 0.1741599 ],1102.0703033664072,534.5280786762164,-512.2178520426921,538.0112766397658,-531.9121997583877
564.5741757042949,-517.059012430208,23.111587751082737,578.7933995467035,-514.5337232572745,23.11158768825777,0.17576422221570706,14.44172469227469,[0.98459319 0.17486064],1116.5120280586818,562.825569338544,-507.2130804896725,566.3227820700458,-526.9049443707434
578.7933995467035,-514.5337232572745,23.11158768825777,593.9683097912085,-512.0306230542601,22.77863812861085,0.16347786393633384,15.37996786586737,[0.98666723 0.16275068],1131.8919959245493,577.1658927633055,-504.6670509879633,580.4209063301016,-524.4003955265856
593.9683097912085,-512.0306230542601,22.77863812861085,598.2197549082555,-510.4955525340888,22.778638082009792,0.3465027516670578,4.520091490795499,[0.94056616 0.3396105 ],1136.4120874153448,590.5722048156848,-502.62496140846275,597.3644147667322,-521.4362847000575
598.2197549082555,-510.4955525340888,22.778638082009792,602.2300233212766,-508.42660197980695,22.77863802917102,0.47629700170813066,4.512516940748026,[0.88869881 0.45849148],1140.924604356093,593.6348401446139,-501.60856448356566,602.8046696718972,-519.3825405846119
602.2300233212766,-508.42660197980695,22.77863802917102,605.8651324028275,-505.64581436408025,24.11082165668813,0.6530199022662084,4.576767177665096,[0.79425257 0.60758774],1145.501371533758,596.1541459436877,-500.48407630515516,608.3059006988656,-516.3691276544587
605.8651324028275,-505.64581436408025,24.11082165668813,608.642772110223,-502.2310659985937,24.110821764172528,0.8879231968983136,4.401793809765893,[0.63102449 0.77576291],1149.9031653435238,598.1075033246309,-499.3355694334045,613.6227614810241,-511.956059294756
608.642772110223,-502.2310659985937,24.110821764172528,610.821967551793,-498.32694256521285,24.110821909634723,1.0616961821052306,4.47113772496808,[0.48739171 0.87318344],1154.3743030684918,599.910937678957,-497.3571489429845,617.3746065414889,-507.1049830542029
610.821967551793,-498.32694256521285,24.110821909634723,628.7644686230913,-464.58020032030555,27.775965533564914,1.0821263154014547,38.22009885960201,[0.46945198 0.88295801],1192.594401928094,601.9923875005029,-493.63242276891185,619.6515476030829,-503.02146236151384
628.7644686230913,-464.58020032030555,27.775965533564914,642.6431744008017,-436.8286839418175,27.221685376273598,1.1070637505239818,31.028456864139187,[0.44728959 0.89438919],1223.622858792233,619.8205767305616,-460.10730441108274,637.7083605156209,-469.05309622952836
642.6431744008017,-436.8286839418175,27.221685376273598,646.733502016712,-427.8303082466366,27.22168566940465,1.1441543880125131,9.884409196158337,[0.4138161 0.9103605],1233.5072679883913,633.5395694036733,-432.6905229908322,651.7467793979301,-440.9668448928027
646.733502016712,-427.8303082466366,27.22168566940465,649.6270321794187,-420.0221013910026,27.22168596802615,1.2159103010859826,8.32710100232151,[0.3474835 0.9376861],1241.8343689907128,637.3566410257654,-424.3554732927912,656.1103630076584,-431.305143200482
649.6270321794187,-420.0221013910026,27.22168596802615,652.1900840910353,-412.13604871399036,32.22055219873576,1.2565547028390847,8.292108412596473,[0.30909532 0.95103106],1250.1264774033093,640.1167215507822,-416.9311481809323,659.1373428080552,-423.11305460107286
652.1900840910353,-412.13604871399036,32.22055219873576,655.2442558001999,-401.50268425563735,32.22055343238961,1.2911002147406467,11.063290854588699,[0.27606358 0.96113938],1261.189768257898,642.5786903401943,-409.37541288753755,661.8014778418762,-414.8966845404432
655.2442558001999,-401.50268425563735,32.22055343238961,657.1463384816534,-393.12726157074474,32.220554419927424,1.3474812288727622,8.58869161617178,[0.22146361 0.97516864],1269.7784598740698,645.492569444245,-399.2880481195906,664.9959421561547,-403.7173203916841
657.1463384816534,-393.12726157074474,32.220554419927424,660.6110164185477,-374.5634398443608,35.1112087768698,1.3862831375551279,18.884371059036273,[0.18346801 0.98302568],1288.662830933106,647.3160816685725,-391.2925814926722,666.9765952947344,-394.9619416488173
660.6110164185477,-374.5634398443608,35.1112087768698,663.2628293687618,-354.153293931038,35.1112090703252,1.44159388488151,20.581694976994726,[0.12884327 0.99166497],1309.2445259101007,650.694366727579,-373.2750071116932,670.5276661095165,-375.8518725770284
663.2628293687618,-354.153293931038,35.1112090703252,664.4676203832781,-331.3740877746893,31.666268694818456,1.5179556139956756,22.811044572796167,[0.05281613 0.99860425],1332.0555704828969,653.2767868253552,-353.62513266658055,673.2488719121684,-354.68145519549546
664.4676203832781,-331.3740877746893,31.666268694818456,664.8328479769148,-308.7061435815655,33.222451517366295,1.5546856468313117,22.670886289197608,[0.01610998 0.99987023],1354.7264567720945,654.4689181252527,-331.2129879442823,674.4663226413036,-331.5351876050963
664.8328479769148,-308.7061435815655,33.222451517366295,664.7690640489373,-279.03095805721136,32.667769179562384,1.5729457263226476,29.675254072952917,[-0.0021494   0.99999769],1384.4017108450473,654.8328710764974,-308.7276375602929,674.8328248773321,-308.68464960283814
664.7690640489373,-279.03095805721136,32.667769179562384,664.9466939608847,-255.56219217585854,35.3321993894734,1.5632276919107833,23.46943809253574,[0.00756856 0.99997136],1407.871148937583,654.76935046874,-278.9552724309739,674.7687776291345,-279.1066436834488
664.9466939608847,-255.56219217585854,35.3321993894734,666.1069511224312,-236.09753269878976,35.33220123078675,1.511258378462891,19.49920934907781,[0.05950278 0.99822814],1427.3703582866608,654.9644125623882,-254.96716437715378,674.9289753593812,-256.1572199745633
666.1069511224312,-236.09753269878976,35.33220123078675,668.0436052297682,-201.9509625076724,41.331466678815474,1.5141411033587975,34.20144565582528,[0.05662492 0.99839552],1461.571803942486,656.1229959017251,-235.5312835037043,676.0909063431374,-236.6637818938752
668.0436052297682,-201.9509625076724,41.331466678815474,668.5070643744273,-179.31638183951304,45.332953860665924,1.5503234760454416,22.63932499881966,[0.02047142 0.99979044],1484.2111289413056,658.0457008446598,-201.74624830144796,678.0415096148766,-202.15567671389684
668.5070643744273,-179.31638183951304,45.332953860665924,667.9166833741832,-158.1166662859815,48.44382163281139,1.5986376649584046,21.207934582983256,[-0.02783774  0.99961245],1505.4190635242887,658.5109398246366,-179.59475925431224,678.503188924218,-179.0380044247139
667.9166833741832,-158.1166662859815,48.44382163281139,665.6733656096944,-121.83472932391,49.111961775890705,1.6325478698716258,36.35122314740181,[-0.0617123   0.99809398],1541.7702866716907,657.9357435816071,-158.73378933446665,677.8976231667593,-157.49954323749634
665.6733656096944,-121.83472932391,49.111961775890705,665.1279515756612,-107.66451652131856,49.11196154846684,1.6092675154967038,14.180705459858002,[-0.0384617   0.99926008],1555.9509921315487,655.6807648588335,-122.21934632027671,675.6659663605553,-121.45011232754328
665.1279515756612,-107.66451652131856,49.11196154846684,665.9580540415946,-95.76326243253301,49.111594263895455,1.5011599472056492,11.930168439287993,[0.06958011 0.99757637],1567.8811605708368,655.1521879061452,-106.96871539314702,675.1037152451772,-108.36031764949009
665.9580540415946,-95.76326243253301,49.111594263895455,667.8153261928162,-85.61934044326581,49.111594407160254,1.3897099348465942,10.312546395921935,[0.18009831 0.98364862],1578.1937069667588,656.1215678820961,-93.96227935821082,675.794540201093,-97.56424550685519
667.8153261928162,-85.61934044326581,49.111594407160254,671.0746181486031,-71.21538851749784,49.00072680616486,1.3482661608768647,14.768101270403426,[0.2206981  0.97534217],1592.9618082371621,658.0619045023551,-83.41235939938665,677.5687478832774,-87.82632148714497
671.0746181486031,-71.21538851749784,49.00072680616486,678.5757334317632,-45.32156777759149,49.0007267933494,1.2888272189543295,26.958425083852052,[0.27824753 0.9605094 ],1619.9202333210142,661.4695241346294,-68.4329131837836,680.6797121625766,-73.99786385121209
678.5757334317632,-45.32156777759149,49.0007267933494,684.0409608033849,-29.97208926361951,49.999998409470464,1.2287393189958653,16.293409737510768,[0.33542564 0.94206669],1636.213643058525,669.1550665724292,-41.967311388249215,687.9964002910974,-48.67582416693377
684.0409608033849,-29.97208926361951,49.999998409470464,685.585754235299,-23.14272244125732,49.9999986369958,1.3483413026341144,7.001902451596012,[0.22062481 0.97535875],1643.2155455101208,674.2873733040253,-27.765841115215295,693.7945483027445,-32.17833741202372
685.585754235299,-23.14272244125732,49.9999986369958,685.630160499009,-17.592525938864924,49.99999881535493,1.5627956521893447,5.550374143373171,[0.00800059 0.99996799],1648.765919653494,675.5860742875625,-23.0627165487483,695.5854341830355,-23.22272833376634
685.630160499009,-17.592525938864924,49.99999881535493,684.6117619418935,-12.220339357377085,49.2235537121131,1.7581419913316543,5.467862862897437,[-0.18625166  0.98250207],1654.2337825163913,675.8051397986158,-19.45504257955453,695.4551811994022,-15.730009298175318
684.6117619418935,-12.220339357377085,49.2235537121131,682.0393453022382,-7.037306868869919,49.22355343390271,2.0314915725013742,5.786290102033955,[-0.44457098  0.89574363],1660.0200726184253,675.6543256621513,-16.66604912009886,693.5691982216356,-7.774629594655309
682.0393453022382,-7.037306868869919,49.22355343390271,677.5199967683848,-3.311424703405038,49.223553152191215,2.4521324358614223,5.857192935303763,[-0.77158949  0.63612078],1665.877265553729,675.6781374563989,-14.75320180996603,688.4005531480775,0.6785880722261908
677.5199967683848,-3.311424703405038,49.223553152191215,671.9289870144214,-1.365208232439059,49.22355290603568,2.8066137235692055,5.92006322776821,[-0.94441724  0.32874927],1671.7973287814973,674.2325040574333,-12.755597069231541,680.8074894793363,6.132747662421465
671.9289870144214,-1.365208232439059,49.22355290603568,662.962030426602,-0.3423104519311124,48.11232060201061,3.028009506802948,9.02511109722225,[-0.99355637  0.11333908],1680.8224398787195,670.7955962234506,-11.300771896114242,673.0623778053921,8.570355431236123
662.962030426602,-0.3423104519311124,48.11232060201061,655.5580534367084,0.20238814496438806,48.11232050922129,3.06815656855197,7.423986249201537,[-0.99730478  0.0733701 ],1688.246426127921,662.2283294489714,-10.315358274709467,663.6957314042327,9.630737370847243
655.5580534367084,0.20238814496438806,48.11232050922129,650.0295983307573,1.4367728798965516,48.11232041336993,2.9219174363866074,5.664584850838708,[-0.97596828  0.21791266],1693.9110109787598,653.3789268679725,-9.55729460589535,657.7371800054443,9.962070895824127
650.0295983307573,1.4367728798965516,48.11232041336993,645.0012499218378,3.6944636553602663,48.11232028985742,2.7195768724205904,5.511937532220102,[-0.91226513  0.40960021],1699.42294851098,645.9335962221223,-7.6858784192630765,654.1256004393922,10.55942417905618
645.0012499218378,3.6944636553602663,48.11232028985742,640.3479554195418,7.420359991043398,48.11232012326073,2.46642457897094,5.961162070381537,[-0.78060191  0.62502852],1705.3841105813615,638.7509646725985,-4.111555451914583,651.2515351710772,11.500482762635116
640.3479554195418,7.420359991043398,48.11232012326073,636.7574341698177,12.180705551925158,47.223189849646786,2.21701599002448,5.9626112319794276,[-0.60217262  0.79836591],1711.346721813341,632.3642962882027,1.3986337539427893,648.3316145508809,13.442086228144007
636.7574341698177,12.180705551925158,47.223189849646786,634.4797749204861,17.552848664480535,47.22318971171242,1.9717992386763612,5.8350366989284765,[-0.39034189  0.92066998],1717.1817585122694,627.5507343841216,8.277286658690272,645.9641339555137,16.084124445160043
634.4797749204861,17.552848664480535,47.22318971171242,631.3533013181457,32.1456233119367,43.78007004421514,1.7818536549070212,14.923937452883221,[-0.20949388  0.97780996],1732.1056959651526,624.7016753448697,15.457909837370707,644.2578744961023,19.647787491590364
631.3533013181457,32.1456233119367,43.78007004421514,628.6999816598588,52.13289486309529,41.112317694555855,1.7027751314289137,20.16261712349874,[-0.13159599  0.99130343],1752.2683130886512,621.4402669988735,30.829663363863062,641.2663356374178,33.46158326001034
628.6999816598588,52.13289486309529,41.112317694555855,627.466848737525,68.78343113353779,41.11231711786357,1.6447210210969085,16.696136526078874,[-0.07385738  0.99726881],1768.96444961473,618.7272935206388,51.394321049681736,638.6726697990789,52.87146867650884
627.466848737525,68.78343113353779,41.11231711786357,627.8591408693873,86.46843462964245,35.6699077041599,1.5486177726011963,17.68935391058574,[0.02217674 0.99975407],1786.6538035253159,617.469308078043,69.00519849363769,637.4643893970068,68.56166377343789
627.8591408693873,86.46843462964245,35.6699077041599,630.2163420245698,102.25154321105424,35.669905679628386,1.4225425153097675,15.958161353321023,[0.14771132 0.98903052],1802.6119648786369,617.96883569452,87.94554787783756,637.7494460442546,84.99132138144734
630.2163420245698,102.25154321105424,35.669905679628386,631.4929588128089,115.88794213889099,30.113389628744613,1.4774500778087616,13.696025925177015,[0.09321075 0.9956464 ],1816.307990803814,620.2598780091437,103.18365066705155,640.172806039996,101.31943575505693
631.4929588128089,115.88794213889099,30.113389628744613,631.1887507680938,130.15827013897115,30.113388355724652,1.592110621474408,14.273570112776307,[-0.02131268  0.99977286],1830.5815609165902,621.4952302226036,115.67481533017283,641.4906874030139,116.10106894760915
631.1887507680938,130.15827013897115,30.113388355724652,629.8307747572535,142.00382323741198,30.113387206975034,1.6849381882043266,11.923138305580395,[-0.11389418  0.99349289],1842.5046992221705,621.2538218971464,129.01932838048748,641.123679639041,131.29721189745482
629.8307747572535,142.00382323741198,30.113387206975034,626.7131670001714,159.69981487409314,26.335129145502123,1.7451827507709148,17.96851685956601,[-0.1735039   0.98483318],1860.4732160817366,619.9824429361104,140.26878423477868,639.6791065783967,143.73886224004528
626.7131670001714,159.69981487409314,26.335129145502123,622.3095859987159,175.31582654517257,22.335481509251792,1.8456506985713739,16.225022223333625,[-0.27140678  0.96246473],1876.6982383050702,617.0885196769636,156.98574709603935,636.3378143233792,162.41388265214692
622.3095859987159,175.31582654517257,22.335481509251792,617.4239385094588,185.78204292558172,22.335480358471216,2.00753435730194,11.550378206397745,[-0.42298593  0.90613625],1888.2486165114678,613.2482235105058,171.08596722632285,631.370948486926,179.5456858640223
617.4239385094588,185.78204292558172,22.335480358471216,611.5202283317719,194.66881092628893,17.556873836959085,2.1571766505052716,10.66904116406515,[-0.55334965  0.83294908],1898.917657675533,609.0944477295009,180.2485464408448,625.7534292894168,191.31553941031865
611.5202283317719,194.66881092628893,17.556873836959085,603.589195823288,203.64449194890477,17.556872918290765,2.294483968946899,11.977651124923261,[-0.66215257  0.74936905],1910.8953088004564,604.0265378502224,188.04728519827626,619.0139188133215,201.2903366543016
603.589195823288,203.64449194890477,17.556872918290765,596.0154850535278,210.69597691463082,18.66632589047896,2.3918865954853765,10.34816578171429,[-0.7318892   0.68142366],1921.2434745821706,596.7749592576289,196.32559995439948,610.4034323889472,210.96338394341007
596.0154850535278,210.69597691463082,18.66632589047896,587.6648275369973,216.72416006890586,17.554742472281305,2.5163317314931484,10.299149144461998,[-0.81081043  0.58530885],1931.5426237266327,590.1623965413409,202.58787264368652,601.8685735657148,218.80408118557511
587.6648275369973,216.72416006890586,17.554742472281305,581.2254887604759,220.2386985697794,17.55474263298629,2.6419860226301206,7.336011501690564,[-0.87777109  0.47908029],1938.8786352283232,582.8740246598977,207.94644921739257,592.455630414097,225.50187092041915
581.2254887604759,220.2386985697794,17.55474263298629,574.1342276478797,222.7521839141827,17.554742711004394,2.8009605056889164,7.52353592026706,[-0.94254366  0.33408299],1946.4021711485902,577.8846589019615,210.81326192968362,584.5663186189902,229.66413520987516
574.1342276478797,222.7521839141827,17.554742711004394,565.1853473353355,224.78734409595933,17.554742726828238,2.917975399119433,9.177381751552568,[-0.97510167  0.22175826],1955.5795529001427,571.9166450770856,213.00116717018568,576.3518102186737,232.5032006581797
565.1853473353355,224.78734409595933,17.554742726828238,558.219188384849,225.2987722950894,16.777201371665114,3.0683080343355242,6.98490725252014,[-0.99731588  0.07321904],1962.5644601526628,564.4531569416183,214.8141852569882,565.9175377290526,234.76050293493046
558.219188384849,225.2987722950894,16.777201371665114,549.3329264200931,224.06389641561242,16.77720120765474,-3.00351234800314,8.971653701741948,[-0.99048205 -0.13764195],1971.5361138544047,559.5956078505683,215.39395177907858,556.8427689191296,235.20359281110024
549.3329264200931,224.06389641561242,16.77720120765474,503.00836699597215,211.4718498637689,12.777555877314285,-2.876183153476993,48.00546262877498,[-0.96498517 -0.26230445],2019.5415764831796,551.9559709367594,214.41404473470112,546.7098819034269,233.71374809652372
503.00836699597215,211.4718498637689,12.777555877314285,486.7183901699233,206.566396940385,10.777910255346654,-2.8490965464531466,17.01254870314101,[-0.95752712 -0.28834321],2036.5541251863206,505.891799107751,201.89657862704865,500.1249348841933,221.04712110048916
486.7183901699233,206.566396940385,10.777910255346654,426.22025922036516,188.00161228234947,8.110886112555534,-2.8438492660911376,63.28250214545181,[-0.95600093 -0.29336363],2099.8366273317724,489.6520264878055,197.0063876331509,483.7847538520411,216.12640624761912
426.22025922036516,188.00161228234947,8.110886112555534,397.7037037945383,179.24772464631621,7.222115512317686,-2.843748546374449,29.82992594859316,[-0.95597138 -0.29345992],2129.6665532803654,429.1548584047946,178.44189849862425,423.28566003593573,197.56132606607468
397.7037037945383,179.24772464631621,7.222115512317686,372.98275902349815,171.69520799823295,5.0000105244521365,-2.8450877405676014,25.84889974626369,[-0.95636352 -0.29217942],2155.515453026629,400.62549803809213,169.68408943796913,394.7819095509845,188.8113598546633
372.98275902349815,171.69520799823295,5.0000105244521365,367.39195956438925,170.20472879336495,5.000010450253001,-2.8810571678977928,5.786066613176567,[-0.96625218 -0.257598  ],2161.3015196398055,375.55873905365155,162.0326862319314,370.4067789933448,181.3577297645345
367.39195956438925,170.20472879336495,5.000010450253001,361.4796393283855,169.04792991945874,4.8887803771122265,-2.9483745613086962,6.024426462969743,[-0.98139139 -0.19201809],2167.325946102775,369.3121404828828,160.39081493393797,365.4717786458957,180.01864265279193
361.4796393283855,169.04792991945874,4.8887803771122265,355.6387617960491,168.46951256794716,4.888780354923512,-3.042885294511368,5.869447757692519,[-0.99513238 -0.09854715],2173.1953938604674,362.4651108333554,159.09660609230428,360.4941678234155,178.9992537466132
355.6387617960491,168.46951256794716,4.888780354923512,349.73536017586144,168.94774907566813,4.888780372008853,3.0607588447776606,5.922740991006726,[-0.99673473  0.08074581],2179.118134851474,354.8313037146521,158.5021653056719,356.4462198774461,178.43685983022243
349.73536017586144,168.94774907566813,4.888780372008853,343.9123344875599,170.16008392183062,4.888780416428716,2.9363281989840138,5.947889032744269,[-0.97900712  0.20382607],2185.0660238842183,347.69709947616053,159.15767791555623,351.7736208755624,178.73782023578002
343.9123344875599,170.16008392183062,4.888780416428716,338.2232728462596,171.97304557476718,4.666320749664834,2.8330921044694124,5.970950704329539,[-0.95278992  0.30363032],2191.0369745885478,340.8760313212618,160.63218472618797,346.948637653858,179.68798311747327
338.2232728462596,171.97304557476718,4.666320749664834,333.04327763574713,174.63133319170123,2.4467111274068998,2.667454024794609,5.822271329582381,[-0.88968633  0.45657227],2196.85924591813,333.65755018158825,163.07618227642962,342.78899551093093,180.86990887310475
333.04327763574713,174.63133319170123,2.4467111274068998,328.104420869707,177.83463382069118,2.4467106575443154,2.5662082127315697,5.886717342895601,[-0.83898317  0.54415737],2202.7459632610257,327.60170393278025,166.24150151072098,338.48485133871395,183.02116487268148
328.104420869707,177.83463382069118,2.4467106575443154,323.7192871099119,181.94999486160503,2.44671013086014,2.3879199614602924,6.0137837164605505,[-0.72918049  0.68432142],2208.7597469774864,321.261206622328,170.54282891624746,334.94763511708595,185.1264387251349
323.7192871099119,181.94999486160503,2.44671013086014,319.9682581445911,186.04311438282707,2.4467096311217063,2.3126111837070256,5.551922704224578,[-0.67562702  0.73724361],2214.311669681711,316.34685103815696,175.19372470952504,331.0917231816668,188.70626501368503
319.9682581445911,186.04311438282707,2.4467096311217063,316.89598647622086,190.84808550631487,2.446709096957022,2.1396797802208263,5.703209684188555,[-0.53869169  0.84250297],2220.0148793658996,311.54322839895684,180.65619747376138,328.3932878902254,191.43003129189276
316.89598647622086,190.84808550631487,2.446709096957022,313.8237178493904,195.8866330489584,-0.8866233046409207,2.118356181307214,5.901338479945539,[-0.52060539  0.85379742],2225.916217845845,308.3580123204154,185.64203159622156,325.43396063202636,196.0541394164082
313.8237178493904,195.8866330489584,-0.8866233046409207,288.4865790781004,244.54815220699538,-1.5547149176244375,2.050851687748794,54.86268356436463,[-0.46182828  0.88696936],2280.7789014102095,304.9540242805464,191.26835025176996,322.6934114182344,200.50491584614684
288.4865790781004,244.54815220699538,-1.5547149176244375,252.1112711438195,313.9535124999766,-3.8880489757434873,2.053537062641738,78.35985620655707,[-0.46420846  0.88572598],2359.1387576167667,279.6293192957409,239.9060676377747,297.34383886046,249.19023677621607
252.1112711438195,313.9535124999766,-3.8880489757434873,238.3043481313834,340.3476104526928,-3.666994963866699,2.0527577660367613,29.787237700211687,[-0.46351807  0.88608747],2388.9259953169785,243.25039649060227,309.31833177211143,260.97214579703666,318.5886932278418
238.3043481313834,340.3476104526928,-3.666994963866699,222.82747709268676,369.8560828990941,-2.777172619003778,2.0538427049081203,33.32091660306587,[-0.46447915  0.88558406],2422.2469119200446,229.44850757996045,335.7028189473857,247.16018868280634,344.99240195799985
222.82747709268676,369.8560828990941,-2.777172619003778,209.36009601464946,395.5383757950587,-2.111550101575858,2.0537602321107737,28.99914690978327,[-0.46440611  0.88562236],2451.2460588298277,213.9712535024334,365.21202177552567,231.68370068294018,374.5001440226625
209.36009601464946,395.5383757950587,-2.111550101575858,207.15423833827776,399.631528574036,-2.111549916781513,2.065088455234367,4.649699749495385,[-0.47440863  0.88030475],2455.8957585793232,200.55704850728833,390.7942895202168,218.16314352201059,400.2824620699006
207.15423833827776,399.631528574036,-2.111549916781513,204.31431244069302,405.0037918441708,-2.11154967350393,2.057082755918523,6.076708956944707,[-0.46734604  0.88407447],2461.972467536268,198.3134936058924,394.9580681241338,215.99498307066315,404.3049890239382
204.31431244069302,405.0037918441708,-2.11154967350393,201.00998725940474,410.0868728632761,-2.111549452210994,2.1472161502998532,6.062695568019592,[-0.54502575  0.83841931],2468.0351631042877,195.93011936671073,399.55353437335464,212.6985055146753,410.45404931498695
201.00998725940474,410.0868728632761,-2.111549452210994,198.97379686261587,412.05560266114594,-2.1115493773176865,2.373037327607117,2.8323079544773884,[-0.71891561  0.69509737],2470.867471058765,194.05901360289386,402.89771677744153,207.96096091591562,417.2760289491106
198.97379686261587,412.05560266114594,-2.1115493773176865,196.34817388014966,413.72402885990664,-2.111549326683246,2.5755210331365364,3.1108748008825047,[-0.84401435  0.53632059],2473.9783458596476,193.61059099432634,403.61545913071086,204.33700273090534,420.495746191581
196.34817388014966,413.72402885990664,-2.111549326683246,193.73147543166078,414.8029561360121,-2.1115493070193736,2.7505075874036518,2.8304054192727377,[-0.92449599  0.38119178],2476.80875127892,192.53625609353566,404.4790690012542,200.16009166676366,422.9689887185591
193.73147543166078,414.8029561360121,-2.1115493070193736,190.5253402404411,415.2812694016212,-0.6666427982594598,2.9934980404005462,3.2416178745241995,[-0.98905402  0.14755387],2480.0503691534445,192.25593672190666,404.9124159325643,195.2070141414149,424.6934963394599
190.5253402404411,415.2812694016212,-0.6666427982594598,187.3191977247762,415.17008424882897,-0.6666426807606172,-3.106927752304625,3.208069819838019,[-0.99939923 -0.03465796],2483.2584389732824,190.871919832022,405.2872770768944,190.17876064886022,425.27526172634805
187.3191977247762,415.17008424882897,-0.6666426807606172,184.41669292107701,414.4693966127211,-0.6666425920397785,-2.9047168619952815,2.985883001540957,[-0.97207587 -0.23466681],2486.2443219748234,189.66586581507403,405.449325591503,184.97252963447838,424.89084290615494
184.41669292107701,414.4693966127211,-0.6666425920397785,181.88034243349557,413.3126769407129,-0.6666425305164978,-2.7137133906026625,2.787664649032479,[-0.90984778 -0.41494219],2489.031986623856,188.56611481229936,405.3709188296716,180.26727102985473,423.56787439577056
181.88034243349557,413.3126769407129,-0.6666425305164978,179.13856919747002,411.11043326799734,-0.666642492002552,-2.464892137921841,3.516702670372034,[-0.77964318 -0.62622402],2492.548689294228,188.14258260315592,405.5162451891042,175.61810226383523,421.10910869232157
179.13856919747002,411.11043326799734,-0.666642492002552,175.79841241518795,407.4400113305975,-0.6666424740943455,-2.3091197517163358,4.96272551414753,[-0.67304887 -0.73959801],2497.511414808376,186.53454934373514,404.3799446025249,171.7425890512049,417.84092193346976
175.79841241518795,407.4400113305975,-0.6666424740943455,171.52048501240895,401.2670118824996,-0.6666424943881566,-2.1768130833584305,7.510431748552422,[-0.56959807 -0.82192338],2505.0218465569283,184.01764621527897,401.7440306653001,167.57917861509696,413.13599199589487
171.52048501240895,401.2670118824996,-0.6666424943881566,150.18431484466478,368.922735325646,2.6677356663161333,-2.1539312705455154,38.74770165330026,[-0.5506435  -0.83474052],2543.7695482102285,179.86789019433638,395.7605768534875,163.17307983048153,406.77344691151166
150.18431484466478,368.922735325646,2.6677356663161333,2.7744697910584364,168.02953964136037,9.998583395239478,-2.203830501602286,249.17411280262021,[-0.59159374 -0.80623622],2792.9436610128487,158.24667707903623,363.0067979356983,142.12195261029333,374.8386727155937
2.7744697910584364,168.02953964136037,9.998583395239478,-6.326673073850998,155.62812150205525,12.776477512745089,-2.2039000427008677,15.382651699670575,[-0.5916498  -0.80619508],2808.326312712519,10.836420605150352,162.11304160019085,-5.287481023033479,173.9460376825299
-6.326673073850998,155.62812150205525,12.776477512745089,-22.28733680605643,131.0143147086227,9.55651681599852,-2.1460765889038935,29.335682566406472,[-0.54406996 -0.83903985],2837.6619952789256,2.0637254579420983,150.18742187078686,-14.717071605644094,161.06882113332364
-22.28733680605643,131.0143147086227,9.55651681599852,-83.363896285757,-4.40125320985733,18.779348553537602,-1.9945069371843223,148.552085655375,[-0.41114576 -0.91156962],2986.2140809343005,-13.17164062979208,126.90285715417329,-31.40303298232078,135.1257722630721
-83.363896285757,-4.40125320985733,18.779348553537602,-89.08948381896727,-19.73910883607168,20.11122942716426,-1.9280738097360197,16.37168799516556,[-0.34972494 -0.93685243],3002.585768929466,-73.99537201950938,-7.8985025679571095,-92.73242055200461,-0.904003851757551
-89.08948381896727,-19.73910883607168,20.11122942716426,-93.80587220105895,-35.2660916848028,20.1112292690909,-1.8656938982587012,16.227492589908024,[-0.29064184 -0.95683192],3018.8132615193745,-79.52116464537698,-22.64552728362952,-98.65780299255755,-16.83269038851384
-93.80587220105895,-35.2660916848028,20.1112292690909,-96.28030535213458,-45.77686744979419,16.998171116574525,-1.8020050361985889,10.798112177648107,[-0.22915424 -0.97339013],3029.6113736970224,-84.07197094862659,-37.55763404921504,-103.5397734534913,-32.974549320390565
-96.28030535213458,-45.77686744979419,16.998171116574525,-98.1566136407834,-61.96021368734167,16.99816918576488,-1.6862216634587526,16.29175338133973,[-0.11516921 -0.99334589],3045.903127078362,-86.34684646729556,-46.9285595020431,-106.21376423697359,-44.62517539754528
-98.1566136407834,-61.96021368734167,16.99816918576488,-98.86284981868215,-76.35286972538188,11.77752611959383,-1.6198262050502463,14.409972844121121,[-0.04901024 -0.99879828],3060.313099922483,-88.16863087792063,-62.4503160529314,-108.14459640364618,-61.47011132175194
-98.86284981868215,-76.35286972538188,11.77752611959383,-99.12361774958964,-114.3144084157256,9.221722960135935,-1.5776654853805694,37.96243432200117,[-0.0068691  -0.99997641],3098.2755342444843,-88.86308574445286,-76.42156077103391,-108.86261389291144,-76.28417867972985
-99.12361774958964,-114.3144084157256,9.221722960135935,-98.8840892481715,-149.1838779823234,7.000357242676927,-1.5639271447583918,34.870292252272314,[ 0.00686913 -0.99997641],3133.145826496757,-89.12385367697118,-114.24571713557077,-109.1233818222081,-114.38309969588042
-98.8840892481715,-149.1838779823234,7.000357242676927,-98.53614510176448,-157.34790766675172,7.000357102033291,-1.528202935868432,8.171440865431618,[ 0.04258051 -0.99909304],3141.3172673621884,-88.89315886162808,-148.75807284937682,-108.87501963471493,-149.60968311527
-98.53614510176448,-157.34790766675172,7.000357102033291,-96.53782389435361,-207.27750527372956,7.444551973545998,-1.5307948979437558,49.969570789058345,[ 0.03999076 -0.99920005],3191.2868381512467,-88.54414460655295,-156.94800004780367,-108.528145596976,-157.7478152856998
-96.53782389435361,-207.27750527372956,7.444551973545998,-95.30671058046732,-238.18736258252585,4.88762919749928,-1.5309882188583481,30.9343646910968,[ 0.03979759 -0.99920776],3222.2212028423437,-86.54574627535129,-206.8795293249167,-106.52990151335592,-207.67548122254243
-95.30671058046732,-238.18736258252585,4.88762919749928,-93.97642085130678,-248.9763788514634,4.887627910254622,-1.4481151598176085,10.870719516890745,[ 0.12237366 -0.9924841 ],3233.0919223592346,-85.38186958703193,-236.9636259870838,-105.23155157390272,-239.4110991779679
-93.97642085130678,-248.9763788514634,4.887627910254622,-91.26158599045158,-256.1172339502577,4.8876267898469905,-1.2074890324156835,7.639511755583004,[ 0.35536759 -0.93472663],3240.7314341148176,-84.62915452427262,-245.42270297830152,-103.32368717834095,-252.5300547246253
-91.26158599045158,-256.1172339502577,4.8876267898469905,-88.02862456417455,-261.1003205227609,1.778629692160223,-0.99527435407881,5.939965603676266,[ 0.54427275 -0.83890832],3246.671399718494,-82.8725027785569,-250.67450642961995,-99.65066920234625,-261.5599614708954
-88.02862456417455,-261.1003205227609,1.778629692160223,-84.2954740602948,-265.5606644240139,1.7786295483084302,-0.8739187584756292,5.816449123138832,[ 0.64182638 -0.76684998],3252.4878488416325,-80.36012475127501,-254.68205669057394,-95.69712437707409,-267.51858435494785
-84.2954740602948,-265.5606644240139,1.7786295483084302,-79.40120039813377,-269.37594519307083,-0.5547019952198013,-0.6621400635635929,6.205665317019516,[ 0.78867831 -0.61480608],3258.693514158652,-78.1474132575421,-257.67388127968593,-90.44353486304749,-273.4474475683419
-79.40120039813377,-269.37594519307083,-0.5547019952198013,-73.3636573867118,-272.3459526527954,-0.5547019878503079,-0.4571653145548428,6.7285117169838955,[ 0.89730735 -0.4414063 ],3265.422025875636,-74.98713740077329,-260.4028717031605,-83.81526339549424,-278.3490186829813
-73.3636573867118,-272.3459526527954,-0.5547019878503079,-66.05780311541184,-274.4261991750478,-0.554701999510911,-0.2773958336536028,7.596244613413608,[ 0.96177185 -0.27385197],3273.0182704890494,-70.62513772585316,-262.7282341048709,-76.10217704757042,-281.9636712007199
-66.05780311541184,-274.4261991750478,-0.554701999510911,-57.70689017741529,-274.76022940581583,-0.554702040615183,-0.03997793550375052,8.35759074692373,[ 0.99920099 -0.03996729],3281.375861235973,-65.65813024211286,-264.43418928742517,-66.45747598871083,-284.4182090626705
-57.70689017741529,-274.76022940581583,-0.554702040615183,-48.97185513327622,-273.41474932530826,-0.5547016635241846,0.15283144977898602,8.838051474696233,[0.98834399 0.15223719],3290.2139127106693,-59.22926203093948,-264.87678952186866,-56.1845183238911,-284.643669289763
-48.97185513327622,-273.41474932530826,-0.5547016635241846,-40.85305109273486,-270.97921781426567,-0.554701609081377,0.29144439811961215,8.476248745169768,[0.95782985 0.28733601],3298.690161455839,-51.845215253141134,-263.83645085315936,-46.09849501341131,-282.99304779745717
-40.85305109273486,-270.97921781426567,-0.554701609081377,-33.92211381554063,-267.95413300568106,-0.5547015755622056,0.41153815069823146,7.562342867096819,[0.91650662 0.40001953],3306.252504322936,-44.853246351993164,-261.81415164495695,-36.85285583347655,-280.14428398357444
-33.92211381554063,-267.95413300568106,-0.5547015755622056,-28.34871749484887,-263.7166237826553,-1.44458748570176,0.6500669513761957,7.00137350544369,[0.79604328 0.6052397 ],3313.2538778283797,-39.97451084839571,-259.99370021865957,-27.869716782685543,-275.91456579270255
-28.34871749484887,-263.7166237826553,-1.44458748570176,-24.23112231704681,-258.63373602120265,-0.9992719612373548,0.8899333183295717,6.541432415288244,[0.62946384 0.77702978],3319.795310243668,-36.1190152503882,-257.4219853664903,-20.57841973930954,-270.0112621988203
-24.23112231704681,-258.63373602120265,-0.9992719612373548,-21.015607302272315,-253.51744478610814,-0.9992721347967404,1.0096944875466252,6.042844761579194,[0.53211941 0.84666932],3325.8381550052472,-32.6978154673065,-253.3125418789686,-15.764429166787124,-263.9549301634367
-21.015607302272315,-253.51744478610814,-0.9992721347967404,-18.996881778141244,-247.64476894543475,-0.999272261289633,1.2397012850384124,6.2099576706614705,[0.32507879 0.94568694],3332.0481126759087,-30.472476659721337,-250.26665688836061,-11.558737944823292,-256.7682326838557
-18.996881778141244,-247.64476894543475,-0.999272261289633,-17.585492323573078,-241.6497212657014,-0.9992723621348318,1.3395808005640253,6.158946084740668,[0.22916087 0.97338856],3338.2070587606495,-28.730767409299176,-245.35316022675315,-9.262996146983312,-249.93637766411635
-17.585492323573078,-241.6497212657014,-0.9992723621348318,-17.370925365431333,-235.88820462805432,-0.9992724094952052,1.5335721272978187,5.7655106404732654,[0.0372156  0.99930726],3343.9725694011227,-27.578564918395557,-241.27756523040506,-7.592419728750599,-242.02187730099774
-17.370925365431333,-235.88820462805432,-0.9992724094952052,-18.85333425166567,-230.2489742669573,-0.9992723825557732,1.8278548213553167,5.830819425389952,[-0.2542368  0.967142 ],3349.8033888265127,-27.042345366094196,-238.43057265231394,-7.69950536476847,-233.34583660379468
-18.85333425166567,-230.2489742669573,-0.9992723825557732,-29.15899668368587,-198.77153133015798,-2.887296173429462,1.8871959069660558,33.121535169768485,[-0.31114688  0.95036183],3382.924923996281,-28.356952600108116,-233.36044309809608,-9.349715903223228,-227.13750543581853
-29.15899668368587,-198.77153133015798,-2.887296173429462,-31.78443970484176,-188.73881440509058,-0.4431027195037984,1.8267449809246172,10.370552538600348,[-0.25316327  0.96742357],3393.2954765348813,-38.833232350227775,-201.30316405790677,-19.484761017143967,-196.2398986024092
-31.78443970484176,-188.73881440509058,-0.4431027195037984,-35.81175277156143,-169.75232150473948,-0.44310314723466604,1.779812978452955,19.40891968123041,[-0.20749805  0.97823543],3412.704396216112,-41.566794010069884,-190.81379494644153,-22.002085399613634,-186.66383386373963
-35.81175277156143,-169.75232150473948,-0.44310314723466604,-38.052920801670155,-154.3696305645625,-2.2210051511413553,1.7154725341581296,15.545096162461784,[-0.14417203  0.98955264],3428.249492378574,-45.70727916741805,-171.194041778893,-25.91622637570481,-168.31060123058597
-38.052920801670155,-154.3696305645625,-2.2210051511413553,-39.54370587777197,-135.3609899065179,-0.11198087548513058,1.6490628294924121,19.06700972386061,[-0.07818662  0.99693874],3447.3165021024347,-48.022308206060586,-155.15149678149544,-28.083533397279723,-153.5877643476296
-39.54370587777197,-135.3609899065179,-0.11198087548513058,-39.78410780123528,-116.5192379631469,-0.11197935475618692,1.5835546350606167,18.843285525096963,[-0.01275796  0.99991861],3466.159787627532,-49.54289201666268,-135.48856952799267,-29.544519738881263,-135.2334102850431
-39.78410780123528,-116.5192379631469,-0.11197935475618692,-39.39972684934645,-108.03268318230452,-0.11197873286300819,1.5255343283987985,8.495255191247264,[0.04524655 0.99897585],3474.6550428187793,-49.77386630735543,-116.0667725065649,-29.794349295115126,-116.97170341972891
-39.39972684934645,-108.03268318230452,-0.11197873286300819,-39.140437762169256,-100.89196220243292,3.8880269366907783,1.5345009415927102,7.14542699515625,[0.03628742 0.99934139],3481.8004698139357,-49.39314079747322,-107.66980901487834,-29.40631290121968,-108.39555734973072
-39.140437762169256,-100.89196220243292,3.8880269366907783,-36.53169714983716,-80.34855911370484,3.88802846270346,1.4444855986330183,20.708378450482147,[0.12597513 0.9920334 ],3502.508848264418,-49.06077176507125,-99.63221092901955,-29.22010375926726,-102.1517134758463
-36.53169714983716,-80.34855911370484,3.88802846270346,-31.26110824035851,-50.75143380683523,8.99853568204017,1.394565953029161,30.062749938807343,[0.17531959 0.98451158],3532.571598203225,-46.37681290508726,-78.59536324166821,-26.68658139458705,-82.10175498574148
-31.26110824035851,-50.75143380683523,8.99853568204017,-28.393565703624233,-34.64596927810257,5.667390876872162,1.3945949633202237,16.358752638457688,[0.17529103 0.98451666],3548.930350841683,-41.106274852188335,-48.998523545209906,-21.415941628528685,-52.504344068460554
-28.393565703624233,-34.64596927810257,5.667390876872162,-26.991147732827756,-28.962356565102198,5.667390674801339,1.3288810518424343,5.854078034685937,[0.23956257 0.97088093],3554.784428876369,-38.102374980378784,-32.250343592064525,-18.684756426869683,-37.041594964140614
-26.991147732827756,-28.962356565102198,5.667390674801339,-25.106450829013113,-23.401110829628024,5.66739041644891,1.2440456629827124,5.871927839268649,[0.32096731 0.94709027],3560.6563567156377,-36.46205045455946,-25.752683429797827,-17.52024501109605,-32.17202970040657
-25.106450829013113,-23.401110829628024,5.66739041644891,-22.471548431483313,-18.195817119054112,5.667390071549022,1.102203670920334,5.834191739894106,[0.45163109 0.89220477],3566.490548455532,-34.0284985481174,-18.884799890595318,-16.18440310990883,-27.91742176866073
-22.471548431483313,-18.195817119054112,5.667390071549022,-19.184691384883365,-13.524433246625023,5.66738965294698,0.957648122352579,5.7118522852376294,[0.57544504 0.81784046],3572.2024007407695,-30.649952982494483,-12.441366754336386,-14.293143880472144,-23.95026748377184
-19.184691384883365,-13.524433246625023,5.66738965294698,-15.192292961206363,-9.386960425964688,6.666662395232919,0.8032408815508626,5.749602291905207,[0.69437819 0.71961026],3577.952003032675,-26.38079402051335,-6.580651362271297,-11.988588749253381,-20.46821513097875
-15.192292961206363,-9.386960425964688,6.666662395232919,-10.547933769382098,-5.594310958533214,6.666661826769513,0.6847897447366401,5.996187312408676,[0.77455205 0.63251017],3583.9481903450837,-21.517394679731524,-1.6414398979233056,-8.867191242681201,-17.13248095400607
-10.547933769382098,-5.594310958533214,6.666661826769513,-5.430247769849814,-2.4245433067938507,-2.1899666080571478e-08,0.554544266945594,6.019812036585696,[0.8501405  0.52655592],3589.9680023816695,-15.81349294710219,2.9070940162887666,-5.2823745916620055,-14.095715933355194
-5.430247769849814,-2.4245433067938507,-2.1899666080571478e-08,0.0,0.0,0.0,0.41992994503499187,5.9469320736391245,[0.9131175  0.40769649],3595.914934455309,-9.50721262630259,6.706631730365885,-1.353282913397038,-11.555718343953586
